name;ctrip_code;timezone;offsetUtc
朝阳;CHG;Asia/Shanghai;28800
天水;THQ;Asia/Chongqing;28800
桂林;KWL;Asia/Chongqing;28800
长治;CIH;Asia/Shanghai;28800
汉中;HZG;Asia/Chongqing;28800
张掖;YZY;Asia/Chongqing;28800
阿勒泰;AAT;Asia/Urumqi;21600
遵义;ZYI;Asia/Chongqing;28800
郑州;CGO;Asia/Shanghai;28800
百色;AEB;Asia/Chongqing;28800
潍坊;WEF;Asia/Shanghai;28800
永州;LLF;Asia/Shanghai;28800
贵阳;KWE;Asia/Chongqing;28800
昆明;KMG;Asia/Chongqing;28800
海口;HAK;Asia/Chongqing;28800
拉萨;LXA;Asia/Urumqi;21600
丹东;DDG;Asia/Shanghai;28800
伦敦;LHR;Europe/London;0
柳州;LZH;Asia/Chongqing;28800
邯郸;HDG;Asia/Shanghai;28800
兰州;LHW;Asia/Chongqing;28800
塔城;TCG;Asia/Urumqi;21600
昌都;BPX;Asia/Urumqi;21600
科隆;CGN;Europe/Berlin;3600
齐齐哈尔;NDG;Asia/Harbin;28800
克拉玛依;KRY;Asia/Urumqi;21600
达卡;DAC;Asia/Dhaka;21600
武汉;WUH;Asia/Shanghai;28800
台州;HYN;Asia/Shanghai;28800
迪拜;DXB;Asia/Dubai;14400
厦门;XMN;Asia/Shanghai;28800
银川;INC;Asia/Chongqing;28800
昭通;ZAT;Asia/Chongqing;28800
温州;WNZ;Asia/Shanghai;28800
济宁;JNG;Asia/Shanghai;28800
营口;YKH;Asia/Shanghai;28800
合肥;HFE;Asia/Shanghai;28800
呼和浩特;HET;Asia/Chongqing;28800
运城;YCU;Asia/Shanghai;28800
那不勒斯;NAP;Europe/Rome;3600
民都鲁;BTU;Asia/Kuching;28800
阿瓜迪亚;BQN;America/Puerto_Rico;-14400
伊基托斯;IQT;America/Lima;-18000
玛利亚娜;MPT;Asia/Dili;32400
加里宁格勒;KGD;Europe/Kaliningrad;7200
釜山;PUS;Asia/Seoul;32400
坦佩蕾;TMP;Europe/Helsinki;7200
西棕榈滩;PBI;America/New_York;-18000
长滩;LGB;America/Los_Angeles;-28800
柏林;TXL;Europe/Berlin;3600
豪勋爵岛;LDH;Australia/Lord_Howe;37800
乞力马扎罗;JRO;Africa/Dar_es_Salaam;10800
巴塔;BSG;Africa/Malabo;3600
巴尔的摩;BWI;America/New_York;-18000
里约热内卢;GIG;America/Sao_Paulo;-10800
都灵;TRN;Europe/Rome;3600
德比;DRB;Australia/Perth;28800
伯尔尼;BRN;Europe/Zurich;3600
卡尔加里;YYC;America/Edmonton;-25200
海德拉巴;HYD;Asia/Kolkata;19800
迪马布尔;DMU;Asia/Kolkata;19800
地拉那;TIA;Europe/Tirane;3600
阿拉瓜依纳;AUX;America/Araguaina;-10800
阿比林;ABI;America/Chicago;-21600
图卢兹;TLS;Europe/Paris;3600
杜尚别;DYU;Asia/Dushanbe;18000
桑给巴尔;ZNZ;Africa/Dar_es_Salaam;10800
慕尼黑;MUC;Europe/Berlin;3600
里昂;LYS;Europe/Paris;3600
辛菲罗波尔;SIP;Europe/Simferopol;10800
莫比尔;MOB;America/Chicago;-21600
新德里;DEL;Asia/Kolkata;19800
铜仁;TEN;Asia/Chongqing;28800
穆斯乔;YMJ;America/Regina;-21600
安克雷奇;ANC;America/Anchorage;-32400
不来梅;BRE;Europe/Berlin;3600
吉林市;JIL;Asia/Harbin;28800
马耳他;MLA;Europe/Malta;3600
托莱多;TOL;America/New_York;-18000
跳羚;SBU;Africa/Johannesburg;7200
戈尔菲托;GLF;America/Costa_Rica;-21600
新加坡;SIN;Asia/Singapore;28800
科皮亚波;CPO;America/Santiago;-14400
瓜达拉哈拉;GDL;America/Mexico_City;-21600
朗塞斯顿;LST;Australia/Hobart;36000
印多尔;IDR;Asia/Kolkata;19800
成都;CTU;Asia/Chongqing;28800
日惹;JOG;Asia/Jakarta;25200
亚历山大;ALY;Africa/Cairo;7200
布拉德福德;BFD;America/New_York;-18000
查尔斯顿;CHS;America/New_York;-18000
马库维克;YMN;America/Goose_Bay;-14400
库里蒂巴;CWB;America/Sao_Paulo;-10800
小松;KMQ;Asia/Tokyo;32400
苏圣玛丽;YAM;America/Toronto;-18000
哈伯罗内;GBE;Africa/Gaborone;7200
纽约;JFK;America/New_York;-18000
塞萨洛尼基;SKG;Europe/Athens;7200
科尼亚;KYA;Europe/Istanbul;7200
布加勒斯特;OTP;Europe/Bucharest;7200
华盛顿;WAS;America/New_York;-18000
布拉格;PRG;Europe/Prague;3600
首尔;ICN;Asia/Seoul;32400
阿布扎比;AUH;Asia/Dubai;14400
科威特;KWI;Asia/Kuwait;10800
吉达;JED;Asia/Riyadh;10800
罗马;FCO;Europe/Rome;3600
马尼拉;MNL;Asia/Manila;28800
吉隆坡;KUL;Asia/Kuala_Lumpur;28800
布达佩斯;BUD;Europe/Budapest;3600
曼谷;BKK;Asia/Bangkok;25200
墨西哥;MEX;America/Mexico_City;-21600
迈阿密;MIA;America/New_York;-18000
拉各斯;LOS;Africa/Lagos;3600
圣地亚哥;SCL;America/Santiago;-14400
德黑兰;THR;Asia/Tehran;12600
拉合尔;LHE;Asia/Karachi;18000
基多;UIO;America/Guayaquil;-18000
香港;HKG;Asia/Hong_Kong;28800
温哥华;VAN;America/Vancouver;-28800
华沙;WAW;Europe/Warsaw;3600
加德满都;KTM;Asia/Kathmandu;20700
伊斯兰堡;ISB;Asia/Karachi;18000
底特律;DTT;America/Detroit;-18000
约翰内斯堡;JNB;Africa/Johannesburg;7200
夏洛特;CLT;America/New_York;-18000
伯明翰;BHX;Europe/London;0
悉尼;YQY;America/Glace_Bay;-14400
伊斯坦布尔;IST;Europe/Istanbul;7200
奥克兰;AKL;Pacific/Auckland;43200
东京成田;NRT;Asia/Tokyo;32400
科伦坡;CMB;Asia/Colombo;19800
利雅得;ruh;Asia/Riyadh;10800
旧金山;SFO;America/Los_Angeles;-28800
阿拉木图;ALA;Asia/Almaty;21600
雅典;ATH;Europe/Athens;7200
米兰;MXP;Europe/Rome;3600
波士顿;BOS;America/New_York;-18000
基辅;IEV;Europe/Kiev;7200
波哥大;BOG;America/Bogota;-18000
布鲁塞尔;BRU;Europe/Brussels;3600
西雅图;SEA;America/Los_Angeles;-28800
卢萨卡;LUN;Africa/Lusaka;7200
布里斯班;BNE;Australia/Brisbane;36000
休斯顿;HOU;America/Chicago;-21600
大阪;KIX;Asia/Tokyo;32400
波尔图;OPO;Europe/Lisbon;0
仰光;RGN;Asia/Rangoon;23400
罗安达;LAD;Africa/Luanda;3600
萨格勒布;ZAG;Europe/Zagreb;3600
亚松森;ASU;America/Asuncion;-14400
阿尔及尔;ALG;Africa/Algiers;3600
奥斯陆;OSL;Europe/Oslo;3600
卢森堡;LUX;Europe/Luxembourg;3600
里尔;LIL;Europe/Paris;3600
沙巴;BKI;Asia/Kuching;28800
班加罗尔;BLR;Asia/Kolkata;19800
圣多明各;SDQ;America/Santo_Domingo;-14400
巴林;BAH;Asia/Bahrain;10800
埃里温;EVN;Asia/Yerevan;14400
恩德培;EBB;Africa/Kampala;10800
都柏林;DUB;Europe/Dublin;0
瓦伦西亚;VLN;America/Caracas;-14400
德班;DUR;Africa/Johannesburg;7200
名古屋;NGO;Asia/Tokyo;32400
开普敦;CPT;Africa/Johannesburg;7200
危地马拉城;GUA;America/Guatemala;-21600
纽瓦克;EWR;America/New_York;-18000
马赛;MRS;Europe/Paris;3600
达曼;DMM;Asia/Riyadh;10800
马德拉斯;MAA;Asia/Kolkata;19800
鹿特丹;RTM;Europe/Amsterdam;3600
亨茨维尔;HSV;America/Chicago;-21600
槟城;PEN;Asia/Kuala_Lumpur;28800
圣萨尔瓦多;SAL;America/El_Salvador;-21600
圣迭戈;SAN;America/Los_Angeles;-28800
利雅德;RUH;Asia/Riyadh;10800
哈拉雷;HRE;Africa/Harare;7200
费城;PHL;America/New_York;-18000
突尼斯;TUN;Africa/Tunis;3600
加拉加斯;CCS;America/Caracas;-14400
安曼;AMM;Asia/Amman;7200
加尔各答;CCU;Asia/Kolkata;19800
维也纳;VIE;Europe/Vienna;3600
阿克拉;ACC;Africa/Accra;0
利物浦;LPL;Europe/London;0
威尼斯;VCE;Europe/Rome;3600
波尔多;BOO;Europe/Paris;3600
多佛尔;YUL;America/New_York;-18000
阿什哈巴德;ASB;Asia/Ashgabat;18000
里士满;RIC;America/New_York;-18000
圣胡安;WSJ;America/Denver;-25200
沙迦;SHJ;Asia/Dubai;14400
明斯特;MSR;Europe/Berlin;3600
阿布贾;ABV;Africa/Lagos;3600
萨尔瓦多;SSA;America/Bahia;-10800
巴士拉;BSR;Asia/Baghdad;10800
澳门;MFM;Asia/Macau;28800
泗水;SUB;Asia/Jakarta;25200
科钦;COK;Asia/Kolkata;19800
的黎波里;TIP;Africa/Tripoli;7200
德累斯顿;DRS;Europe/Berlin;3600
伊兹密尔;ADB;Europe/Istanbul;7200
宿雾;CEB;Asia/Manila;28800
马尔默;HMA;Europe/Stockholm;3600
孟菲斯;MEM;America/Chicago;-21600
维多利亚;YYJ;America/Vancouver;-28800
吉大港;CGP;Asia/Dhaka;21600
斯特拉斯堡;SXB;Europe/Paris;3600
符拉迪沃斯托克;VVO;Asia/Vladivostok;36000
盐湖城;SLC;America/Denver;-25200
基督城;CHC;Pacific/Auckland;43200
大马士革;DAM;Asia/Damascus;7200
约旦;JDN;America/Denver;-25200
匹兹堡;AGC;America/New_York;-18000
索非亚;SOF;Europe/Sofia;7200
路易斯维尔;SDF;America/New_York;-18000
阿斯塔纳;TSE;Asia/Almaty;21600
达喀尔;DKR;Africa/Dakar;0
尼斯;NCE;Europe/Paris;3600
南特;NTE;Europe/Paris;3600
安卡拉;ANK;Europe/Istanbul;7200
维罗纳;VRN;Europe/Rome;3600
埃德蒙顿;YXD;America/Edmonton;-25200
阿比让;ABJ;Africa/Abidjan;0
休斯敦;IAH;America/Chicago;-21600
乌兰巴托;ULN;Asia/Ulaanbaatar;28800
汉诺威;HAJ;Europe/Berlin;3600
蒙得维的亚;MVD;America/Montevideo;-10800
叶卡捷琳堡;SVX;Asia/Yekaterinburg;18000
巴拿马城;PTY;America/Panama;-18000
爱丁堡;EDI;Europe/London;0
林茨;LNZ;Europe/Vienna;3600
利比里亚;LIR;America/Costa_Rica;-21600
东伦敦;ELS;Africa/Johannesburg;7200
台中;RMQ;Asia/Taipei;28800
阿利坎特;ALC;Europe/Madrid;3600
萨拉戈萨;ZAZ;Europe/Madrid;3600
塔尔萨;TUL;America/Chicago;-21600
温得和克;WDH;Africa/Windhoek;3600
利隆圭;LLW;Africa/Blantyre;7200
卡利;CLO;America/Bogota;-18000
圣路易斯;STL;America/Chicago;-21600
黄金海岸;OOL;Australia/Brisbane;36000
多特蒙德;DTM;Europe/Berlin;3600
巴西利亚;BSB;America/Sao_Paulo;-10800
代顿;DAY;America/New_York;-18000
拿骚;NAS;America/Nassau;-18000
福冈;FUK;Asia/Tokyo;32400
巴伦西亚;VLC;Europe/Madrid;3600
达尔文;DRW;Australia/Darwin;34200
哈利法克斯;YHZ;America/Halifax;-14400
比萨;PSA;Europe/Rome;3600
哈巴罗夫斯克;KHV;Asia/Vladivostok;36000
杰克逊维尔;JAC;America/New_York;-18000
布拉柴维尔;BZV;Africa/Brazzaville;3600
洛美;LFW;Africa/Lome;0
加齐安特普;GZT;Europe/Istanbul;7200
苏瓦;SUV;Pacific/Fiji;43200
万象;VTE;Asia/Vientiane;25200
普吉岛;HKT;Asia/Bangkok;25200
萨马拉;KUF;Europe/Samara;14400
小石城;LIT;America/Chicago;-21600
巴马科;BAM;Africa/Bamako;0
坎昆;CUN;America/Cancun;-18000
奥斯坦德;OST;Europe/Brussels;3600
加利福尼亚州;BLH;America/Los_Angeles;-28800
温尼伯;YWG;America/Winnipeg;-21600
渥太华;YOW;America/Toronto;-18000
吉布提;JIB;Africa/Djibouti;10800
斯塔万格;SVG;Europe/Oslo;3600
弗里敦;FNA;Africa/Freetown;0
关岛;GUM;Pacific/Guam;36000
阿雷格里港;PGP;Africa/Sao_Tome;0
拉纳卡;LCA;Asia/Nicosia;7200
得梅因;DSM;America/Chicago;-21600
累西腓;REC;America/Recife;-10800
利伯维尔;LBV;Africa/Libreville;3600
尼科西亚;NIC;Asia/Nicosia;7200
麦地那;MED;Asia/Riyadh;10800
韦恩堡;FWA;America/Indiana/Indianapolis;-18000
斯里巴加湾;BWN;Asia/Brunei;28800
魁北克;YQB;America/Montreal;-18000
波兹南;POZ;Europe/Warsaw;3600
图尔库;TKU;Europe/Helsinki;7200
萨斯卡通;YXE;America/Regina;-21600
马瑙斯;MAO;America/Manaus;-14400
第聂伯罗彼得罗夫斯克;DNK;Europe/Kiev;7200
堪培拉;CBR;Australia/Sydney;36000
棉兰;MES;Asia/Jakarta;25200
奥斯汀;AUS;America/Chicago;-21600
恩贾梅纳;NDJ;Africa/Ndjamena;3600
南安普敦;SOU;Europe/London;0
伦敦德里;LDY;Europe/London;0
阿伦敦;ABE;America/New_York;-18000
敖德萨;ODS;Europe/Kiev;7200
纽卡斯尔;NCL;Europe/London;0
安科纳;AOI;Europe/Rome;3600
广岛;HIJ;Asia/Tokyo;32400
莫罗尼;YVA;Indian/Comoro;10800
雷恩;RNS;Europe/Paris;3600
罗切斯特;RCS;Europe/London;0
普利茅斯;PYM;America/Chicago;-21600
列克星敦;LEX;America/New_York;-18000
阿巴斯港;BND;Asia/Tehran;12600
威奇托;IAB;America/Chicago;-21600
冲绳;OKA;Asia/Tokyo;32400
哈里斯堡;MDT;America/New_York;-18000
三宝垄;SRG;Asia/Jakarta;25200
居銮;KLQ;Asia/Kuala_Lumpur;28800
古晋;KCH;Asia/Kuching;28800
惠灵顿;WLG;Pacific/Auckland;43200
堪萨斯城;MCI;America/Chicago;-21600
克麦罗沃;KEJ;Asia/Novokuznetsk;25200
列日;LGG;Europe/Brussels;3600
奥尔顿;ALN;America/Chicago;-21600
札幌;SPK;Asia/Tokyo;32400
桑托斯;SSZ;America/Sao_Paulo;-10800
沙姆沙伊赫;SSH;Africa/Cairo;7200
车里雅宾斯克;CEK;Asia/Yekaterinburg;18000
安大略;YXU;America/Toronto;-18000
莫林;MLI;America/Chicago;-21600
安托法加斯塔;ANF;America/Santiago;-14400
马拉开波;MAR;America/Caracas;-14400
米苏拉塔;MRA;Africa/Tripoli;7200
仙台;SDJ;Asia/Tokyo;32400
清迈;CNX;Asia/Bangkok;25200
塞拉莱;SLL;Asia/Muscat;14400
蒂米什瓦拉;TSR;Europe/Bucharest;7200
蒙斯特;FMO;Europe/Berlin;3600
帕皮提;PPT;Pacific/Tahiti;-36000
不丹帕罗;PBH;Asia/Thimphu;21600
登巴萨;DPS;Asia/Makassar;28800
新奥尔良;MSY;America/Chicago;-21600
贝伦;BEL;America/Belem;-10800
卑尔根;BGO;Europe/Oslo;3600
奥伦堡;REN;Asia/Yekaterinburg;18000
鄂木斯克;OMS;Asia/Omsk;21600
苏尔古特;SGC;Asia/Yekaterinburg;18000
曼德勒;MDL;Asia/Rangoon;23400
布尔诺;BRQ;Europe/Prague;3600
萨姆松;SSX;Europe/Istanbul;7200
马什哈德;MHD;Asia/Tehran;12600
雅温德;YAO;Africa/Douala;3600
阿斯特拉罕;ASF;Europe/Astrakhan;14400
苏里高;SUG;Asia/Manila;28800
科希策;KSC;Europe/Bratislava;3600
卡诺;KAN;Africa/Lagos;3600
诺维奇;NWI;Europe/London;0
格拉茨;GRZ;Europe/Vienna;3600
特古西加尔巴;TGU;America/Tegucigalpa;-21600
圣约翰;YSJ;America/St_Johns;-12600
阿亚库乔;AYC;America/Bogota;-18000
檀香山;HNL;Pacific/Honolulu;-36000
乌法;UFA;Asia/Yekaterinburg;18000
俾斯麦;BIS;America/Chicago;-21600
塔布克;TUU;Asia/Riyadh;10800
多米尼加;DOM;America/Dominica;-14400
奥兰;ORN;Africa/Algiers;3600
摩苏尔;OSM;Asia/Baghdad;10800
坎大哈;KDH;Asia/Kabul;16200
蓬塔阿雷纳斯;PUQ;America/Santiago;-14400
斯波坎;GEG;America/Los_Angeles;-28800
里贾纳;YQR;America/Regina;-21600
圣约翰斯;YYT;America/Phoenix;-25200
特拉布宗;TZX;Europe/Istanbul;7200
鹿儿岛;KOJ;Asia/Tokyo;32400
密尔沃基;MKE;America/Chicago;-21600
考纳斯;KUN;Europe/Vilnius;7200
杰克逊;MJQ;America/Chicago;-21600
库斯科;CUZ;America/Lima;-18000
尤金;EUG;America/Los_Angeles;-28800
美里;MYY;Asia/Kuching;28800
普罗维登斯;PVD;America/New_York;-18000
阿卜哈;AHB;Asia/Riyadh;10800
托木斯克;TOF;Asia/Tomsk;25200
巴东;PDG;Asia/Jakarta;25200
普拉塔港;POP;America/Dominica;-14400
拉塞雷纳;LSC;America/Santiago;-14400
埃阿坎;ECN;Asia/Nicosia;7200
南本德;SBN;America/Indiana/Indianapolis;-18000
利马索尔;LMS;America/New_York;-18000
巴厘岛;BAJ;Asia/Makassar;28800
曼哈顿;MHK;America/Chicago;-21600
卡拉干达;KGF;Asia/Almaty;21600
阿拉加尔萨斯;ARS;America/Cuiaba;-14400
赤塔;HTA;Asia/Chita;32400
苏克雷;SRE;America/La_Paz;-14400
设拉子;SYZ;Asia/Tehran;12600
林登;LDJ;America/New_York;-18000
姆万扎;MWZ;Africa/Dar_es_Salaam;10800
太子港国际;PAP;America/Port-au-Prince;-18000
罗萨里奥;RSJ;America/Havana;-18000
阿斯马拉;ASM;Africa/Asmara;10800
加的夫;CWL;Europe/London;0
霍尼亚拉;HIR;Pacific/Guadalcanal;39600
印第安纳州;IDI;America/Indiana/Indianapolis;-18000
布琼布拉;BJM;Africa/Bujumbura;7200
桑德贝;YQT;America/Thunder_Bay;-18000
布拉瓦约;BUQ;Africa/Harare;7200
合艾;HDY;Asia/Bangkok;25200
诺福克岛;NLK;Pacific/Norfolk;39600
卡拉马祖;AZO;America/Detroit;-18000
康斯坦丁;CZL;Africa/Algiers;3600
埃森;ESS;Europe/Berlin;3600
卡利卡特;CCJ;Asia/Kolkata;19800
布雷西亚;VBS;Europe/Rome;3600
横滨;YOK;Asia/Tokyo;32400
青森;AOJ;Asia/Tokyo;32400
克卢日纳波卡;CLJ;Europe/Bucharest;7200
卢加诺;LUG;Europe/Zurich;3600
哈特福德县;BDL;America/New_York;-18000
格林纳达;GND;America/Chicago;-21600
圣马丁;SXM;America/Los_Angeles;-28800
加那利群岛;LPA;Atlantic/Canary;0
肯多伯冷;CBX;Australia/Darwin;34200
布朗斯维尔;BRO;America/Chicago;-21600
阿巴丹;ABD;Asia/Tehran;12600
瓦拉纳西;VNS;Asia/Kolkata;19800
锡比乌;SBZ;Europe/Bucharest;7200
特雷西纳;THE;America/Fortaleza;-10800
大瀑布城;GTF;America/Denver;-25200
汤斯维尔;TSV;Australia/Brisbane;36000
万鸦老;MDC;Asia/Makassar;28800
阿加迪尔;AGA;Africa/Casablanca;0
大分;OIT;Asia/Tokyo;32400
沙特鲁;CHR;Europe/Paris;3600
暹粒;REP;Asia/Phnom_Penh;25200
布里斯托尔;BRS;Europe/London;0
金门;KNH;Asia/Taipei;28800
里奥格兰德;RGA;America/Argentina/Ushuaia;-10800
扎达尔;ZAD;Europe/Zagreb;3600
岱斯;ABZ;Europe/London;0
斗湖;TWU;Asia/Kuching;28800
萨尔茨堡;SZG;Europe/Vienna;3600
挪威豪斯;YNE;America/Winnipeg;-21600
德文波特;DPO;Australia/Hobart;36000
金伯利;YQE;America/Edmonton;-25200
大阪伊丹;ITM;Asia/Tokyo;32400
门多萨;MDZ;America/Argentina/Mendoza;-10800
福塔莱萨;FOR;America/Fortaleza;-10800
圣托里尼;JTR;Europe/Athens;7200
马尔摩;MMA;Europe/Stockholm;3600
克尔曼;KER;Asia/Tehran;12600
阿克秋宾斯克;AKX;Asia/Aqtobe;18000
拉伯克;LBB;America/Chicago;-21600
宫崎;KMI;Asia/Tokyo;32400
罗拉;RLA;America/Chicago;-21600
瓜拉丁加奴;TGG;Asia/Kuala_Lumpur;28800
上里奥森格尔;ARR;America/Argentina/Catamarca;-10800
圣拉斐尔;AFA;America/Argentina/Mendoza;-10800
荷台达;HOD;Asia/Aden;10800
霍巴特;HBA;Australia/Hobart;36000
海法;HFA;Asia/Jerusalem;7200
熊本;KMJ;Asia/Tokyo;32400
博罗尼亚;BLQ;Europe/Rome;3600
阿卡普尔科;ACA;America/Mexico_City;-21600
雅西;IAS;Europe/Bucharest;7200
布赖顿;BSH;Europe/London;0
宁根;NYN;Australia/Sydney;36000
匹次堡;PTS;America/Chicago;-21600
克莱佩达;KLJ;Europe/Vilnius;7200
基桑加尼;FKI;Africa/Brazzaville;3600
巴尼亚卢卡;BNX;Europe/Sarajevo;3600
哈密尔顿;YHM;America/Toronto;-18000
三宝颜;ZAM;Asia/Manila;28800
阿克拉维克;LAK;America/Yellowknife;-25200
克拉根富;KLU;Europe/Vienna;3600
曼萨尼略;ZLO;America/Mexico_City;-21600
卡塔赫纳;CTG;America/Bogota;-18000
塞云;GXF;Asia/Aden;10800
冈山;OKJ;Asia/Tokyo;32400
伊尔库茨克;IKT;Asia/Irkutsk;28800
考爱岛;LIH;Pacific/Honolulu;-36000
库拉索;CUR;America/Curacao;-14400
杜兰戈;DGO;America/Monterrey;-21600
贾纳克布尔;JKR;Asia/Kathmandu;20700
千岁;CTS;Asia/Tokyo;32400
费耶特维尔;FYV;America/New_York;-18000
罗阿诺克;ROA;America/New_York;-18000
戈亚尼亚;GYN;America/Sao_Paulo;-10800
密歇根;CIU;America/Detroit;-18000
夏洛特城;YYG;America/Halifax;-14400
阿尔盖罗;AHO;Europe/Rome;3600
甲米;KBV;Asia/Bangkok;25200
安纳巴;AAE;Africa/Algiers;3600
香农河;SNN;Europe/Dublin;0
里奥阿查;RCH;America/Bogota;-18000
约克顿;YQV;America/Regina;-21600
帕斯科;PSC;America/Los_Angeles;-28800
马什菲尔德;MFI;America/Chicago;-21600
巴亚马雷;BAY;Europe/Bucharest;7200
科利马;CLQ;America/Mexico_City;-21600
哈西迈萨乌德;HME;Africa/Algiers;3600
茵斯布鲁克;INN;Europe/Vienna;3600
兰辛;LAN;America/Detroit;-18000
雅库茨克;YKS;Asia/Yakutsk;32400
素可泰;THS;Asia/Bangkok;25200
丘吉尔;YYQ;America/Winnipeg;-21600
曼齐尼;MTS;Africa/Mbabane;7200
彼得斯堡;PTB;America/New_York;-18000
蒙特哥贝;MBJ;America/Jamaica;-18000
马塔迪;MAT;Africa/Kinshasa;3600
阿雷基帕;AQP;America/Lima;-18000
马兰热;MEG;Africa/Luanda;3600
运城;YCU;Asia/Shanghai;28800
塔马塔夫;TMM;Indian/Antananarivo;10800
坎贝尔;YBL;America/New_York;-18000
古邦;KOE;Asia/Makassar;28800
博茨菲尤尔;BJF;Europe/Oslo;3600
伊斯其兰岛;ISH;Europe/Rome;3600
坦皮科;TAM;America/Monterrey;-21600
阿加德兹;AJY;Africa/Niamey;3600
耶利马内;EYL;Africa/Bamako;0
拉里萨;LRA;Europe/Athens;7200
腊戎;LSH;Asia/Rangoon;23400
塔科拉迪;TKD;Africa/Accra;0
马费滕;MFC;Africa/Maseru;7200
福特雷索卢申;YFR;America/Regina;-21600
神户;UKB;Asia/Tokyo;32400
基尔;KEL;Europe/Berlin;3600
斯巴达;SPJ;Europe/Athens;7200
特内里费;TFN;Atlantic/Canary;0
拉默齐亚;SUF;Europe/Rome;3600
桑怒;NEU;Asia/Vientiane;25200
考文垂;CVT;Europe/London;0
泽西;JER;Europe/London;0
弗雷斯诺;FAT;America/Los_Angeles;-28800
奥沙卡蒂;OHI;Africa/Windhoek;3600
科纳;KOA;America/New_York;-18000
阿拉萨图巴;ARU;America/Sao_Paulo;-10800
阿马里洛;AMA;America/Chicago;-21600
果阿;GOI;Asia/Kolkata;19800
巴尔瑙尔;BAX;Asia/Barnaul;25200
弗朗西斯堡;YAG;America/Winnipeg;-21600
萨摩斯岛;SMI;Europe/Athens;7200
皇后镇;ZQN;Pacific/Auckland;43200
巴统;BUS;Asia/Tbilisi;14400
卡利博;KLO;Asia/Manila;28800
木尔坦;MUX;Asia/Karachi;18000
比亚克;BIK;Asia/Jayapura;32400
黎牙实比;LGP;Asia/Manila;28800
卡塔尼亚;CTA;Europe/Rome;3600
吉斯伯恩;GIS;Pacific/Auckland;43200
波姆那;ACY;America/Chicago;-21600
米扬瓦利;MWD;Asia/Karachi;18000
索尔兹伯里;SRW;America/New_York;-18000
伯纳利欧;ABQ;America/Denver;-25200
巴黎(巴黎布尔歇机场);LBG;Europe/Paris;3600
昆士敦;UEE;Australia/Darwin;34200
巴特姆;BXM;Asia/Pontianak;25200
花莲;HUN;Asia/Taipei;28800
怀特科特;YZU;America/Chicago;-21600
索科托;SKO;Africa/Lagos;3600
凯夫拉维克;KEF;Atlantic/Reykjavik;0
阿什维尔;AVL;America/New_York;-18000
的里雅斯特;TRS;Europe/Rome;3600
彼得博勒;YPQ;America/Regina;-21600
塔拉哈西;TLH;America/New_York;-18000
基苏木;KIS;Africa/Nairobi;10800
芭堤雅;UTP;Asia/Bangkok;25200
伊瓜苏;IGR;America/Argentina/Cordoba;-10800
阿拉拉夸拉;ACR;America/Bogota;-18000
苏拉特;STV;Asia/Kolkata;19800
布瓦凯;BYK;Africa/Abidjan;0
大邱;TAE;Asia/Seoul;32400
布拉索斯;CLL;America/Chicago;-21600
普林塞萨港;PPS;Asia/Manila;28800
松兹瓦尔;SDL;Europe/Stockholm;3600
戈德港;JGO;America/Godthab;-10800
考内尔湾;CBA;America/Chicago;-21600
长崎;NGS;Asia/Tokyo;32400
提塞德;MME;Europe/London;0
布尔萨;XBO;Africa/Ouagadougou;0
拉什特;RAS;Asia/Tehran;12600
布兰登;YBR;America/Winnipeg;-21600
帕尔马;PMF;Europe/Rome;3600
阿萨布;ASA;Africa/Addis_Ababa;10800
阿鲁阿;RUA;Africa/Kampala;10800
帕尔马斯;PMW;America/Araguaina;-10800
上维耶斯卡;YLI;Europe/Helsinki;7200
瓦哈卡;OAX;America/Mexico_City;-21600
卡拉巴尔;CBQ;Africa/Lagos;3600
拉帕尔马;PLP;America/Panama;-18000
阿亚库乔港;PYH;America/Caracas;-14400
圭亚那城;CGU;America/Caracas;-14400
金格罗伊;KGY;Australia/Brisbane;36000
乔依绍尔湾;CHY;Pacific/Guadalcanal;39600
姆永济;MUY;Africa/Brazzaville;3600
平壤;FNJ;Asia/Pyongyang;30600
纳努基;NNU;America/Sao_Paulo;-10800
本斯巴赫;BSP;Pacific/Port_Moresby;36000
佩韦克;PWE;Asia/Anadyr;43200
比亚里茨;BIQ;Europe/Paris;3600
实里达;XSP;Asia/Singapore;28800
鲁亨盖里;RHG;Africa/Kigali;7200
达里;DRR;Australia/Darwin;34200
里耶卡;RJK;Europe/Zagreb;3600
布韦那文图;BUN;America/Bogota;-18000
法鲁;ZFA;America/Whitehorse;-28800
丹尼斯岛;DEI;Indian/Mahe;14400
古尔代盖;HRG;Africa/Cairo;7200
恩科洛;NKL;Africa/Brazzaville;3600
阿尔丹河;ADH;Asia/Yakutsk;32400
圣塔安那;SNA;America/Chicago;-21600
卡杜纳;KAD;Africa/Lagos;3600
图尔恰;TCE;Europe/Bucharest;7200
图巴;TOZ;Africa/Abidjan;0
奥兰治河;ORA;America/Argentina/Salta;-10800
马萨瓦;MSW;Africa/Addis_Ababa;10800
昆西;MQI;America/New_York;-18000
拉瓦拉科特;RAZ;Asia/Karachi;18000
阿瓦萨;AWA;Africa/Addis_Ababa;10800
克拉约瓦;CRA;Europe/Bucharest;7200
沃罗涅什;VOZ;Europe/Moscow;10800
阿纳帕;AAQ;Europe/Moscow;10800
秋田;AXT;Asia/Tokyo;32400
克罗托内;CRV;Europe/Rome;3600
克利夫;CVC;Australia/Perth;28800
耶城;XYE;Asia/Rangoon;23400
阿伦克尔;ALT;America/Santarem;-10800
马塔兰;AMI;Asia/Makassar;28800
科斯雷;KSA;Pacific/Kosrae;39600
阿特卡;AKB;America/Adak;-36000
恩波里亚;EMP;America/Chicago;-21600
格林伍德;YZX;America/New_York;-18000
楠普拉;APL;Africa/Maputo;7200
马特鲁港;MUH;Africa/Cairo;7200
沃特敦;ART;America/New_York;-18000
马雷;MYP;Africa/Tunis;3600
姆米亚斯;MUM;Africa/Nairobi;10800
珀勒特普尔;BHR;Asia/Kathmandu;20700
埃斯基尔斯图纳;EKT;Europe/Stockholm;3600
明纳;MXJ;Africa/Lagos;3600
斯瓦科普蒙德;SWP;Africa/Windhoek;3600
克兰布鲁克;YXC;America/Edmonton;-25200
关丹;KUA;Asia/Kuala_Lumpur;28800
伊莫;EMO;Pacific/Port_Moresby;36000
巴拉莱;BAS;Pacific/Guadalcanal;39600
波蒂奇拉普大草原;YPG;America/Halifax;-14400
科恩岛;RNI;America/Managua;-21600
莫塔拉瓦;MTV;Pacific/Efate;39600
弗拉格斯塔夫;FLG;America/Phoenix;-25200
塞尔;SXE;Australia/Brisbane;36000
因尼斯费尔;IFL;Australia/Darwin;34200
福隆;VSO;Asia/Ho_Chi_Minh;25200
罗克汉普顿;ROK;Australia/Brisbane;36000
南吉纳;NKN;Pacific/Port_Moresby;36000
难府;NNT;Asia/Bangkok;25200
达赫拉;VIL;Africa/Casablanca;0
博伊西;BOI;America/Boise;-25200
莫约;OYG;Africa/Kampala;10800
多拉杜;DOU;America/Sao_Paulo;-10800
法亚;FYT;Africa/Ndjamena;3600
圣马科斯;SRS;America/Bogota;-18000
曼扎;MJA;Indian/Antananarivo;10800
拉普拉塔;LPG;America/Argentina/Buenos_Aires;-10800
蒂华纳;TIJ;America/Tijuana;-28800
长岛;LSJ;Pacific/Port_Moresby;36000
尼琴考沃;NKV;America/Chicago;-21600
浦那;PNQ;Asia/Kolkata;19800
哈迪港;YZT;America/Vancouver;-28800
洛斯安赫莱斯;LSQ;America/Santiago;-14400
加斯佩;YGP;America/Montreal;-18000
巴隆;BGL;Asia/Kashgar;21600
博帕尔;BHO;Asia/Kolkata;19800
滑铁卢;ALO;America/Chicago;-21600
穆扎法拉巴德;MFG;Asia/Karachi;18000
巴雷拉斯;BRA;America/Bahia;-10800
阿巴坎;ABA;Asia/Krasnoyarsk;25200
吕勒奥;LLA;Europe/Stockholm;3600
索拉;SLH;Pacific/Efate;39600
班伯里;BUY;Australia/Perth;28800
耶洛奈夫;YZF;America/Yellowknife;-25200
斯旺希尔;SWH;Australia/Melbourne;36000
西基里;GII;Africa/Conakry;0
博韦;BVA;Europe/Paris;3600
乔治皇子;YXS;America/Vancouver;-28800
莫安达;MFF;Africa/Libreville;3600
罗尔帕;RPA;Asia/Kathmandu;20700
梅特兰;MTL;Australia/Sydney;36000
努克;GOH;America/Godthab;-10800
库埃;CUY;Australia/Darwin;34200
米凯利;MIK;Europe/Helsinki;7200
纳纽基;NYK;Africa/Nairobi;10800
阿卡里瓜;AGV;America/Caracas;-14400
库尔纳;KHL;Asia/Dhaka;21600
内华达;NVD;America/Los_Angeles;-28800
马塞特;ZMT;America/Vancouver;-28800
扬斯顿;YNG;America/New_York;-18000
陶格夫皮尔斯;DGP;Europe/Riga;7200
清水;SMZ;America/Paramaribo;-10800
特里凡得琅;TRV;Asia/Kolkata;19800
阿尔利;ARL;Africa/Ouagadougou;0
伊普斯威奇;IPW;Europe/London;0
贝鲁;BEZ;Pacific/Tarawa;43200
卡南加;KGA;Africa/Brazzaville;3600
格拉夫顿;GFN;Australia/Darwin;34200
达希纳;DAH;Asia/Aden;10800
坎佩切;CPE;America/Merida;-21600
基律纳;KRN;Europe/Stockholm;3600
马拉蒂亚;MLX;Europe/Istanbul;7200
罗克塞斯城;RXS;Asia/Manila;28800
邦巴多克;GBK;Africa/Casablanca;0
科英布拉;CBP;Europe/Lisbon;0
曼海姆;MHG;Europe/Berlin;3600
温莎;YQG;America/Toronto;-18000
华富里;KKM;Asia/Bangkok;25200
安圭拉岛;AXA;America/Anguilla;-14400
贝卢;BMD;Indian/Antananarivo;10800
阿塔克;AXK;Asia/Aden;10800
特鲁希略;TRU;America/Lima;-18000
神河;ZGI;America/Winnipeg;-21600
布莱克沃特;BLT;Australia/Brisbane;36000
旭川;AKJ;Asia/Tokyo;32400
金贾;JIN;Africa/Kampala;10800
拉里奥哈;IRJ;America/Argentina/La_Rioja;-10800
约帕尔;EYP;America/Bogota;-18000
布洛洛;BUL;Pacific/Port_Moresby;36000
马斯巴特;MBT;Asia/Manila;28800
基赞;GIZ;Asia/Riyadh;10800
埃拉泽;EZS;Europe/Istanbul;7200
马哈奇卡拉;MCX;Europe/Moscow;10800
马塔姆;MAX;Africa/Dakar;0
伊维萨;IBZ;Europe/Madrid;3600
特尔古穆列什;TGM;Europe/Bucharest;7200
纽黑文;HVN;America/New_York;-18000
蒙托;MNQ;Australia/Brisbane;36000
卡瓦拉;KVA;Europe/Athens;7200
巴库马;BMF;Africa/Bangui;3600
博卡斯德尔托罗;BOC;America/Panama;-18000
古尔本;GUL;Australia/Sydney;36000
库安巴;FXO;Africa/Maputo;7200
墨西拿;MEZ;Africa/Johannesburg;7200
约恩苏;JOE;Europe/Helsinki;7200
约阿尼纳;IOA;Europe/Athens;7200
玛丽港;MHQ;Europe/Mariehamn;7200
埃里加伏;ERA;Africa/Mogadishu;10800
伯克顿;BUC;Australia/Brisbane;36000
布雷斯特;BQT;Europe/Minsk;10800
库拉穆图;KOU;Africa/Libreville;3600
曼戈切;MAI;Africa/Blantyre;7200
拉贾芒得里;RJA;Asia/Kolkata;19800
塞勒姆;SLE;America/Los_Angeles;-28800
鲁滕;RTG;Asia/Makassar;28800
班茨;BNZ;Pacific/Port_Moresby;36000
布鲁克斯朗吉;RBH;America/New_York;-18000
布林迪西;BDS;Europe/Rome;3600
本吉纳;BJK;Asia/Jayapura;32400
阿勒;AJI;Europe/Istanbul;7200
塞布哈;SEB;Africa/Tripoli;7200
比沙;BHH;Asia/Riyadh;10800
洛雷托;LTO;America/Mexico_City;-21600
夏延河;CYS;America/Chicago;-21600
沙尔勒鲁瓦;CRL;Europe/Brussels;3600
盖恩达;GAH;Australia/Darwin;34200
土格加劳;TUG;Asia/Manila;28800
瓜索帕;GAZ;Pacific/Port_Moresby;36000
巴科洛德;BCD;Asia/Manila;28800
斯托克顿;SCK;America/Los_Angeles;-28800
索罗提;SRT;Africa/Kampala;10800
鲁塞里斯;RSS;Africa/Khartoum;10800
艾因亚哈夫;EIY;Asia/Jerusalem;7200
巴米扬;BIN;Asia/Kabul;16200
辛代尔;CNL;Europe/Copenhagen;3600
埃斯比约;EBJ;Europe/Copenhagen;3600
彭德尔顿;PDT;America/Los_Angeles;-28800
拉科塔;LKT;Africa/Abidjan;0
基特维;KIW;Africa/Lusaka;7200
巴里奥斯港;PBR;America/Guatemala;-21600
那空帕农;KOP;Asia/Bangkok;25200
圣佩德罗;SPY;Africa/Abidjan;0
彭蒂科顿;YYF;America/Regina;-21600
博科罗;BKR;Africa/Ndjamena;3600
维斯特切斯特郡;HPN;America/New_York;-18000
阿马哈伊;AHI;Asia/Jayapura;32400
瓦德;ELU;Africa/Algiers;3600
冷湖;YOD;America/Edmonton;-25200
奇琴伊查;CZA;America/Mexico_City;-21600
内干博;GBF;Pacific/Port_Moresby;36000
基尔肯尼;KKY;Europe/Dublin;0
木浦;MWX;America/Nassau;-18000
雅浦群岛;YAP;Pacific/Yap;36000
设菲尔德;SZD;Europe/London;0
吉里亚;GUI;America/Caracas;-14400
科罗;KXF;Pacific/Fiji;43200
哥达巴鲁;KBR;Asia/Kuala_Lumpur;28800
切特温德;YCQ;America/Dawson_Creek;-25200
金皮;GYP;Australia/Brisbane;36000
库塔伊西;KUT;Asia/Tbilisi;14400
雅努阿里亚;JNA;America/Sao_Paulo;-10800
库雷萨雷;URE;Europe/Tallinn;7200
格伦因尼斯;GLI;Australia/Darwin;34200
复活节岛;IPC;Pacific/Easter;-21600
谢弗维尔;YKL;America/Montreal;-18000
曼布劳;MBO;Asia/Manila;28800
阿马纳布;AMU;Pacific/Port_Moresby;36000
圣罗莎;SRA;America/Sao_Paulo;-10800
Kimmirut;YLC;America/Iqaluit;-18000
克莱德;YCY;America/Edmonton;-25200
马盖特;MGH;Africa/Johannesburg;7200
伊格卢利克;YGT;America/Iqaluit;-18000
皮克尔;YPL;America/Regina;-21600
切斯特菲尔德因莱特;YCS;America/Rankin_Inlet;-21600
勒罗斯;RRS;Europe/Oslo;3600
大奴湖;GSL;America/Yellowknife;-25200
卡蒂奥拉;KTC;Africa/Abidjan;0
万纶;URT;Asia/Bangkok;25200
卡蒂;YOA;America/Yellowknife;-25200
莱迪史密斯;LAY;Africa/Johannesburg;7200
萨帕拉;APZ;America/Argentina/Salta;-10800
科勒尔港;YZS;America/Coral_Harbour;-18000
安提曼;AMC;Africa/Ndjamena;3600
凯里马;KMA;Pacific/Port_Moresby;36000
恩泽雷科雷;NZE;Africa/Conakry;0
汤普森;YTH;America/Winnipeg;-21600
亚历山德里亚;AXN;America/New_York;-18000
多芬;YDN;America/Winnipeg;-21600
厄尔顿;YXR;America/Toronto;-18000
伊万诺沃;IWA;Europe/Moscow;10800
北极村;ARC;America/Anchorage;-32400
阿尔皮纳;APN;America/Detroit;-18000
朗勃拉邦;LPQ;Asia/Vientiane;25200
南桑;NMS;Asia/Rangoon;23400
乌鲁阿潘;UPN;America/Mexico_City;-21600
库格卢克图克;YCO;America/Cambridge_Bay;-25200
塔布;TXU;Africa/Abidjan;0
杰拉尔顿;YGQ;America/Toronto;-18000
曼德拉;NDE;Africa/Nairobi;10800
阿斯旺;ASW;Africa/Cairo;7200
奥拉帕;ORP;Africa/Gaborone;7200
肯考迪娅;CCI;America/Cuiaba;-14400
卡拉奇;KHI;Asia/Karachi;18000
彼德斯堡;PTG;Africa/Johannesburg;7200
基洛夫;KVX;Europe/Kirov;10800
阿拉吉普;ARP;Pacific/Bougainville;39600
扬;NGA;Australia/Sydney;36000
洛杉矶;LAX;America/Los_Angeles;-28800
巴里萨尔;BZL;Asia/Dhaka;21600
和平港;PAX;America/Port-au-Prince;-18000
达拉斯;DFW;America/Chicago;-21600
卡劳阿里;CAF;America/Manaus;-14400
巴代;BXD;Asia/Pontianak;25200
波里;POR;Europe/Helsinki;7200
那霸;NAH;Asia/Makassar;28800
圣保罗;GRU;America/Sao_Paulo;-10800
朱古;DJA;Africa/Porto-Novo;3600
新西伯利亚;OVB;Asia/Novosibirsk;25200
碧差汶;PHY;Asia/Bangkok;25200
苏黎世;ZRH;Europe/Zurich;3600
蒙特利尔;MTR;America/Montreal;-18000
马格达莱纳河;MGD;America/La_Paz;-14400
库拉;CLH;Australia/Sydney;36000
法兰克福;FRA;Europe/Berlin;3600
马翁;MUB;Africa/Gaborone;7200
珀斯;PER;Australia/Perth;28800
门迪;NDM;Africa/Addis_Ababa;10800
斯德哥尔摩;ARN;Europe/Stockholm;3600
华雷斯城;CJZ;America/Ojinaga;-25200
多尔比;DBY;Australia/Darwin;34200
约克岛;OKR;Australia/Brisbane;36000
哥德堡;GOT;Europe/Stockholm;3600
尼库瑙;NIG;Pacific/Tarawa;43200
特拉维夫;TLV;Asia/Jerusalem;7200
芒加;MGP;Pacific/Port_Moresby;36000
芝加哥;ORD;America/Chicago;-21600
卡哈马卡;CJA;America/Lima;-18000
迪零;DRG;America/New_York;-18000
乔治亚州;AGS;America/New_York;-18000
蒙特雷;MTY;America/Monterrey;-21600
摩加迪沙;MGQ;Africa/Mogadishu;10800
阿格拉;AGR;Asia/Kolkata;19800
耶路撒冷;JRS;Asia/Jerusalem;7200
克利夫兰;BKL;America/New_York;-18000
丹佛;DEN;America/Denver;-25200
蒙巴萨岛;MBA;Africa/Nairobi;10800
艾哈迈达巴德;AMD;Asia/Kolkata;19800
纽伦堡;NUE;Europe/Berlin;3600
山打根;SDK;Asia/Kuching;28800
布兰太尔;BLZ;Africa/Blantyre;7200
阿达纳;ADA;Europe/Istanbul;7200
格林斯伯勒;GSO;America/New_York;-18000
苏福尔斯;FSD;America/Chicago;-21600
高松;TAK;Asia/Tokyo;32400
比隆;BLL;Europe/Copenhagen;3600
亚丁;SAH;Asia/Aden;10800
乌戎潘当;UPG;Asia/Makassar;28800
罗斯托夫;ROV;Europe/Moscow;10800
圣何塞;SJO;America/Costa_Rica;-21600
巴库;GYD;Asia/Baku;14400
塔那那利佛;TNR;Indian/Antananarivo;10800
哥伦布;OLU;America/New_York;-18000
哈科特港;PHC;Africa/Lagos;3600
杜塞尔多夫;DUS;Europe/Berlin;3600
伯利兹;BZE;America/Belize;-21600
卡托维兹;KTW;Europe/Warsaw;3600
班吉;BGF;Africa/Bangui;3600
马斯特里赫特;MST;Europe/Amsterdam;3600
金斯敦;YGK;America/Toronto;-18000
奥勒松;AES;Europe/Oslo;3600
不伦瑞克;BWE;Europe/Berlin;3600
第比利斯;TBS;Asia/Tbilisi;14400
白沙瓦;PEW;Asia/Karachi;18000
克拉斯诺亚尔斯克;KJA;Asia/Krasnoyarsk;25200
巴勒莫;PMO;Europe/Rome;3600
塔什干;TAS;Asia/Tashkent;18000
马略卡岛帕尔马;PMI;Europe/Madrid;3600
努库希瓦;NHV;Pacific/Marquesas;-34200
蓬塔卡纳;PUJ;America/Dominica;-14400
布里奇敦;BGI;America/Barbados;-14400
巴厘;BRI;Europe/Rome;3600
诗巫;SBW;Asia/Kuching;28800
梅里达;MID;America/Merida;-21600
奥什;OSS;Asia/Bishkek;21600
伊利莎白港;PLZ;Africa/Johannesburg;7200
帝力;DIL;Asia/Dili;32400
安戈谢;ANO;Africa/Maputo;7200
阿拉巴马;MSL;America/Chicago;-21600
阿德列尔;AER;Europe/Moscow;10800
格勒诺布尔;GNB;Europe/Paris;3600
特隆赫姆;TRD;Europe/Oslo;3600
甘巴;GAX;Africa/Libreville;3600
阿拉德;ARW;Europe/Bucharest;7200
伏尔加格勒;VOG;Europe/Volgograd;10800
代尼兹利;DNZ;Europe/Istanbul;7200
弗雷德里克顿;YFC;America/Moncton;-14400
加西姆;ELQ;Asia/Riyadh;10800
基戈马;TKQ;Africa/Dar_es_Salaam;10800
百慕大;BDA;Atlantic/Bermuda;-14400
巴基西梅托;BRM;America/Caracas;-14400
劳埃德明斯特;YLL;America/Edmonton;-25200
纳塔尔;NAT;America/Fortaleza;-10800
库亚巴;CGB;America/Cuiaba;-14400
雷焦卡拉布里亚;REG;Europe/Rome;3600
安塔利亚;AYT;Europe/Istanbul;7200
斋浦尔;JAI;Asia/Kolkata;19800
姆班达卡;MDK;Africa/Kinshasa;3600
萨尔布鲁根;SCN;Europe/Berlin;3600
奥尔巴尼;ABY;America/New_York;-18000
卢本巴希;FBM;Africa/Lubumbashi;7200
克尔曼沙汗;KSH;Asia/Tehran;12600
弗林特;FNT;America/Detroit;-18000
别尔哥罗德;EGO;Europe/Moscow;10800
格林贝;GRB;America/Chicago;-21600
卡利亚里;CAG;Europe/Rome;3600
布赖米;RMB;Asia/Muscat;14400
埃莫西约;HMO;America/Hermosillo;-25200
撒马尔罕;SKD;Asia/Samarkand;18000
萨利马;LMB;Africa/Blantyre;7200
古斯贝;YYR;America/Goose_Bay;-14400
康塞普西翁;CCP;America/Santiago;-14400
比格克里克;BIC;America/New_York;-18000
海德堡;HDB;Europe/Berlin;3600
因弗雷尔;IVR;Australia/Darwin;34200
阿尔汉格尔斯克;ARH;Europe/Moscow;10800
瓦勒多;YVO;America/Montreal;-18000
尤尔;RKU;Pacific/Port_Moresby;36000
里奇菲尔德;RIF;America/New_York;-18000
老越;LWY;Asia/Kuching;28800
与那国岛;OGN;Asia/Tokyo;32400
米卢斯;MLH;Europe/Paris;3600
胡利亚卡;JUL;America/Lima;-18000
法拉凡加纳;RVA;Indian/Antananarivo;10800
布基亚斯;BZC;America/Cuiaba;-14400
塞南加;SXG;Africa/Lusaka;7200
蒙特利瓦诺;MTB;America/Bogota;-18000
瓜马尔;GAA;America/Bogota;-18000
普罗夫迪夫;PDV;Europe/Sofia;7200
巴桑库苏;BSU;Africa/Brazzaville;3600
普林斯顿;PCT;America/New_York;-18000
霍尔海滩;YUX;America/Iqaluit;-18000
金杜;KND;Africa/Brazzaville;3600
内尔斯普雷特;MQP;Africa/Johannesburg;7200
奥马哈;OMA;America/Chicago;-21600
若阿萨巴;JCB;America/Sao_Paulo;-10800
马拉迪;MFQ;Africa/Niamey;3600
马里博尔;MBX;Europe/Ljubljana;3600
直布罗陀;GIB;Europe/Gibraltar;3600
南邦;LPT;Asia/Bangkok;25200
塔里哈;TJA;America/La_Paz;-14400
比斯利格;BPH;Asia/Manila;28800
瓜纳雷;GUQ;America/Caracas;-14400
布卢梅瑙;BNU;America/Sao_Paulo;-10800
利亚德堡;YJF;America/Yellowknife;-25200
扎黑丹;ZAH;Asia/Tehran;12600
阿瓜斯卡连特斯;AGU;America/Mexico_City;-21600
热那亚;GOA;Europe/Rome;3600
古达;KUD;Asia/Kuching;28800
米切尔;MTQ;Australia/Perth;28800
乔治城;GTT;Australia/Brisbane;36000
达兰;DHA;Asia/Riyadh;10800
莱克查尔斯;LCH;America/Chicago;-21600
波尔塔瓦;PLV;Europe/Kiev;7200
奥尔堡;AAL;Europe/Copenhagen;3600
萨凡纳;SAV;America/New_York;-18000
南萨哈林斯克;UUS;Asia/Sakhalin;39600
维拉港;VLI;Pacific/Efate;39600
马斯喀特;MCT;Asia/Muscat;14400
巴塞罗那;BCN;Europe/Madrid;3600
圣彼得堡;LED;Europe/Moscow;10800
科奎特兰港;PTC;America/Los_Angeles;-28800
米林金比;MGT;Australia/Darwin;34200
马拉博;SSG;Africa/Malabo;3600
基加利;KGL;Africa/Kigali;7200
金浦;GMP;Asia/Seoul;32400
乌斯怀亚;USH;America/Argentina/Ushuaia;-10800
代托纳比奇;DAB;America/New_York;-18000
杜布罗夫尼克;DBV;Europe/Zagreb;3600
米尔迪拉;MQL;Australia/Melbourne;36000
塞班;SPN;America/Sao_Paulo;-10800
和平河;YPE;America/Edmonton;-25200
普图阿里格里;POA;America/Sao_Paulo;-10800
戴尔达瓦;DIR;Africa/Addis_Ababa;10800
迈杜古里;MIU;Africa/Lagos;3600
海于格松;HAU;Europe/Oslo;3600
马德里;MAD;Europe/Madrid;3600
河内;HAN;Asia/Ho_Chi_Minh;25200
海地角;CAP;America/Port-au-Prince;-18000
吉塞尼;GYI;Africa/Kigali;7200
大阪(大阪国际机场);OSA;Asia/Tokyo;32400
费拉德尔费亚;FLM;America/Asuncion;-14400
科罗尔;ROR;Pacific/Palau;32400
布塔雷;BTQ;Africa/Kigali;7200
当加希;DHI;Asia/Kathmandu;20700
清来;CEI;Asia/Bangkok;25200
坦帕;TPA;America/New_York;-18000
巴黎;CDG;Europe/Paris;3600
达兰扎达嗄德;DLZ;Asia/Ulaanbaatar;28800
萨图·马雷;SUJ;Europe/Bucharest;7200
阿斯图里亚斯;OVD;Europe/Madrid;3600
科罗萨尔;CZU;America/Bogota;-18000
马纳萨斯;MNZ;America/New_York;-18000
坎吉克斯瓦尔;XGR;America/Montreal;-18000
梅迪辛哈特;YXH;America/Edmonton;-25200
利摩日;LIG;Europe/Paris;3600
阿纳科;AAO;America/Caracas;-14400
与路岛;RNJ;Asia/Tokyo;32400
多伦多;YTO;America/Toronto;-18000
萨尔岛;SID;Atlantic/Cape_Verde;-3600
艾伯特王子城;YPA;America/Regina;-21600
蒙特港;PMC;America/Santiago;-14400
林肯;LNK;America/Chicago;-21600
阿尔梅纳拉;AMJ;America/Sao_Paulo;-10800
莫斯科(莫斯科贝科沃机场);BKA;Europe/Moscow;10800
巴瑟斯特;BHS;Australia/Sydney;36000
马亨德拉那加;XMG;Asia/Kathmandu;20700
雷德蒙德;RDM;America/Los_Angeles;-28800
阜阳;FUG;Asia/Shanghai;28800
达州;DAX;Asia/Chongqing;28800
保山;BSD;Asia/Chongqing;28800
安顺;AVA;Asia/Chongqing;28800
大连;DLC;Asia/Shanghai;28800
东营;DOY;Asia/Shanghai;28800
北海;BHY;Asia/Chongqing;28800
南阳;NNY;Asia/Shanghai;28800
洛阳;LYA;Asia/Shanghai;28800
马鞍山;AOG;Asia/Shanghai;28800
安庆;AQG;Asia/Shanghai;28800
三明;SQJ;Asia/Shanghai;28800
包头;BAV;Asia/Chongqing;28800
秦皇岛;BPE;Asia/Shanghai;28800
福州;FOC;Asia/Shanghai;28800
长春;CGQ;Asia/Harbin;28800
绵阳;MIG;Asia/Chongqing;28800
大理;DLU;Asia/Chongqing;28800
常州;CZX;Asia/Shanghai;28800
赤峰;CIF;Asia/Shanghai;28800
佛山;FUO;Asia/Shanghai;28800
广元;GYS;Asia/Chongqing;28800
大庆;DQA;Asia/Harbin;28800
赣州;KOW;Asia/Shanghai;28800
毕节;BFJ;Asia/Chongqing;28800
鞍山;AOG;Asia/Shanghai;28800
南昌;KHN;Asia/Shanghai;28800
三亚;SYX;Asia/Chongqing;28800
吕梁;LLV;Asia/Shanghai;28800
攀枝花;PZI;Asia/Chongqing;28800
衢州;JUZ;Asia/Shanghai;28800
日喀则;RKZ;Asia/Urumqi;21600
十堰;WDS;Asia/Shanghai;28800
黑河;HEK;Asia/Harbin;28800
西宁;XNN;Asia/Chongqing;28800
日照;RIZ;Asia/Shanghai;28800
和田;HTN;Asia/Kashgar;21600
衡阳;HNY;Asia/Shanghai;28800
淮安;HIA;Asia/Shanghai;28800
徐州;XUZ;Asia/Shanghai;28800
无锡;WUX;Asia/Shanghai;28800
石家庄;SJW;Asia/Shanghai;28800
揭阳;SWA;Asia/Shanghai;28800
鸡西;JXA;Asia/Harbin;28800
临沂;LYI;Asia/Shanghai;28800
哈密;HMI;Asia/Urumqi;21600
临沧;LNJ;Asia/Chongqing;28800
吐鲁番;TLQ;Asia/Urumqi;21600
唐山;TVS;Asia/Shanghai;28800
玉树;YUS;Asia/Urumqi;21600
固原;GYU;Asia/Chongqing;28800
青岛;TAO;Asia/Shanghai;28800
梧州;WUZ;Asia/Chongqing;28800
林芝;LZY;Asia/Urumqi;21600
南京;NKG;Asia/Shanghai;28800
黄山;TXN;Asia/Shanghai;28800
威海;WEH;Asia/Shanghai;28800
沈阳;SHE;Asia/Shanghai;28800
惠州;HUZ;Asia/Shanghai;28800
乌鲁木齐;URC;Asia/Urumqi;21600
重庆;CKG;Asia/Chongqing;28800
九江;JIU;Asia/Shanghai;28800
佳木斯;JMU;Asia/Harbin;28800
嘉峪关;JGN;Asia/Chongqing;28800
六盘水;LPF;Asia/Chongqing;28800
庆阳;IQN;Asia/Chongqing;28800
河池;HCJ;Asia/Chongqing;28800
丽江;LJG;Asia/Chongqing;28800
乌海;WUA;Asia/Chongqing;28800
西安;SIA;Asia/Chongqing;28800
通化;TNH;Asia/Harbin;28800
南通;NTG;Asia/Shanghai;28800
景德镇;JDZ;Asia/Shanghai;28800
忻州;WUT;Asia/Shanghai;28800
锦州;JNZ;Asia/Shanghai;28800
烟台;YNT;Asia/Shanghai;28800
中山;ZGN;Asia/Shanghai;28800
阿克苏;AKU;Asia/Kashgar;21600
南充;NAO;Asia/Chongqing;28800
张家口;ZQZ;Asia/Shanghai;28800
澳门;MFM;Asia/Macau;28800
北京;BJS;Asia/Shanghai;28800
天津;TSN;Asia/Shanghai;28800
延安;ENY;Asia/Chongqing;28800
珠海;ZUH;Asia/Shanghai;28800
上海;SHA;Asia/Shanghai;28800
榆林;UYN;Asia/Chongqing;28800
常德;CGD;Asia/Shanghai;28800
牡丹江;MDG;Asia/Harbin;28800
安康;AKA;Asia/Chongqing;28800
鄂尔多斯;DSN;Asia/Chongqing;28800
文山;WNH;Asia/Chongqing;28800
南宁;NNG;Asia/Chongqing;28800
宜昌;YIH;Asia/Shanghai;28800
济南;TNA;Asia/Shanghai;28800
湛江;ZHA;Asia/Urumqi;21600
盐城;YNZ;Asia/Shanghai;28800
宜春;YIC;Asia/Shanghai;28800
宜宾;YBP;Asia/Chongqing;28800
香港;HKG;Asia/Hong_Kong;28800
阿里;NGQ;Asia/Kashgar;21600
恩施;ENH;Asia/Shanghai;28800
广州;CAN;Asia/Shanghai;28800
太原;TYN;Asia/Shanghai;28800
大同;DAT;Asia/Shanghai;28800
伊春;LDS;Asia/Harbin;28800
宁波;NGB;Asia/Shanghai;28800
金昌;JIC;Asia/Chongqing;28800
连云港;LYG;Asia/Shanghai;28800
泸州;LZO;Asia/Chongqing;28800
中卫;ZHY;Asia/Chongqing;28800
哈尔滨;HRB;Asia/Harbin;28800
巴彦淖尔;RLK;Asia/Chongqing;28800
喀什;KHG;Asia/Kashgar;21600
临汾;LFQ;Asia/Shanghai;28800
普洱;SYM;Asia/Chongqing;28800
张家界;DYG;Asia/Shanghai;28800
长沙;CSX;Asia/Shanghai;28800
深圳;SZX;Asia/Shanghai;28800
杭州;HGH;Asia/Shanghai;28800
通辽;TGO;Asia/Shanghai;28800
襄樊;XFN;Asia/Shanghai;28800
巴格达;BGW;Asia/Baghdad;10800
卡萨布兰卡;CMN;Africa/Casablanca;0
拉巴特;RBA;Africa/Casablanca;0
利兹;LBA;Europe/London;0
函馆;HKD;Asia/Tokyo;32400
布拉戈维申斯克;BQS;Asia/Yakutsk;32400
尼亚美;NIM;Africa/Niamey;3600
恩塞纳达;ESE;America/Tijuana;-28800
恩特普赖斯;ETS;America/Los_Angeles;-28800
喀布尔;KBL;Asia/Kabul;16200
伯克;BRK;Australia/Sydney;36000
Tasiujaq;YTQ;America/Montreal;-18000
东京;TYO;Asia/Tokyo;32400
提米蒙;TMX;Africa/Algiers;3600
梅利利亚;MLN;Africa/Ceuta;3600
纳闽岛;LBU;Asia/Kuching;28800
亚喀巴;AQJ;Asia/Amman;7200
克里斯蒂安桑;KRS;Europe/Oslo;3600
西雅图波音公司基地;BFJ;Pacific/Fiji;43200
内罗比;NBO;Africa/Nairobi;10800
清州;CJJ;Asia/Seoul;32400
巴拉那瓜;PNG;America/Sao_Paulo;-10800
亚的斯亚贝巴;ADD;Africa/Addis_Ababa;10800
阿德莱德;ADL;Australia/Adelaide;34200
阿斯科纳;ACO;Europe/Zurich;3600
克拉科夫;KRK;Europe/Warsaw;3600
里加;RIX;Europe/Riga;7200
贝鲁特;BEY;Asia/Beirut;7200
什里夫波特;SHV;America/Chicago;-21600
Tucson;TUS;America/Phoenix;-25200
巴甫洛达尔;PWQ;Asia/Almaty;21600
卡门城;CME;America/Merida;-21600
朱巴;JUB;Africa/Khartoum;10800
科夫斯港;CFS;Australia/Sydney;36000
马那瓜;MGA;America/Managua;-21600
阿森松岛;ASC;America/La_Paz;-14400
布法罗;BUF;America/New_York;-18000
马拉凯;MYC;America/Caracas;-14400
岘港;DAD;Asia/Ho_Chi_Minh;25200
卢布尔雅那;LJU;Europe/Ljubljana;3600
贝洛奥里藏特;CNF;America/Sao_Paulo;-10800
圣克鲁斯;STU;America/Belize;-21600
萨拉热窝;SJJ;Europe/Sarajevo;3600
莫斯科;SVO;Europe/Moscow;10800
塔马利;TML;Africa/Accra;0
卡亚;XKY;Africa/Ouagadougou;0
柔佛州;JHB;Asia/Kuala_Lumpur;28800
哥本哈根;CPH;Europe/Copenhagen;3600
维兰库卢什;VNX;Africa/Maputo;7200
班努;BNP;Asia/Karachi;18000
新泻;KIJ;Asia/Tokyo;32400
丹格里加;DGA;America/Belize;-21600
塔拉腊;TAI;America/Lima;-18000
曼吉马普;MJP;Australia/Perth;28800
萨南达季;SDG;Asia/Tehran;12600
埃努古;ENU;Africa/Lagos;3600
根地咬;KGU;Asia/Kuching;28800
麦迪逊;MSN;America/Chicago;-21600
圣安东尼奥;SAT;America/Chicago;-21600
吉朗;GEX;Australia/Melbourne;36000
雅加达;CGK;Asia/Jakarta;25200
布里奇波特;BDR;America/New_York;-18000
康康;KNN;Africa/Conakry;0
平彻克里克;WPC;America/Edmonton;-25200
圣菲;SFN;America/Argentina/Cordoba;-10800
锡拉丘兹;SYR;America/New_York;-18000
克雷西阿马;CCM;America/Sao_Paulo;-10800
卡尔斯塔德;KSD;Europe/Stockholm;3600
哈特福德;HFD;America/New_York;-18000
瓜达卢佩;GDP;America/Fortaleza;-10800
松山;MYJ;Asia/Tokyo;32400
波尔盖拉;RGE;Pacific/Port_Moresby;36000
莫尔黑德;MHY;Pacific/Port_Moresby;36000
科苏梅尔;CZM;America/Cancun;-18000
汉堡;HAM;Europe/Berlin;3600
塞维利亚;SVQ;Europe/Madrid;3600
马里兰;MTN;America/New_York;-18000
萨帕托卡;AZT;America/Bogota;-18000
韦韦特南戈;HUG;America/Guatemala;-21600
日内瓦;GVA;Europe/Zurich;3600
布拉迪斯拉发;BTS;Europe/Bratislava;3600
波特兰;PDX;America/Los_Angeles;-28800
克拉克;CRK;Asia/Manila;28800
特立尼达拉岛;TDD;America/La_Paz;-14400
日利纳;ILZ;Europe/Bratislava;3600
奥拉迪亚;OMR;Europe/Bucharest;7200
马普托;MPM;Africa/Maputo;7200
利辛加;VXC;Africa/Maputo;7200
季克西;IKS;Asia/Yakutsk;32400
儒伊斯特;JUI;Europe/Berlin;3600
布隆方丹;BFN;Africa/Johannesburg;7200
里诺;RNO;America/Los_Angeles;-28800
帕斯塔萨;PTZ;America/Guayaquil;-18000
凯恩岛;YPR;America/Vancouver;-28800
锡比提;SIB;Africa/Brazzaville;3600
埃尔津詹;ERC;Europe/Istanbul;7200
埃尔多拉多;EDK;America/Chicago;-21600
艾尤拉;AYU;Pacific/Port_Moresby;36000
不来梅港;BRV;Europe/Berlin;3600
博康尼迪;BUI;Asia/Pontianak;25200
奥本;AUN;America/Los_Angeles;-28800
林肯港;PLO;Australia/Adelaide;34200
雷克雅未克;REK;Atlantic/Reykjavik;0
阿里什;AAC;Africa/Cairo;7200
里弗塞斯;RVC;Africa/Monrovia;0
马公;MZG;Asia/Taipei;28800
尼古拉;NIB;America/Anchorage;-32400
柏林顿;BTV;America/New_York;-18000
克林顿县;CWI;America/Chicago;-21600
蒙特卡塞巴斯;MCS;America/Argentina/Mendoza;-10800
比灵斯;BIL;America/Denver;-25200
巴特那;PAT;Asia/Kolkata;19800
丰班;FOM;Africa/Douala;3600
里奥弗里奥;RFR;America/Costa_Rica;-21600
瓦尔纳;VAR;Europe/Sofia;7200
班加西;BEN;Africa/Tripoli;7200
莫里查尔;MHF;America/Bogota;-18000
马塞约;MCZ;America/Maceio;-10800
蒙哥马利;MGM;America/Chicago;-21600
纳什维尔;BNA;America/Chicago;-21600
奥胡斯;AAR;Europe/Copenhagen;3600
大福克斯;ZGF;America/Vancouver;-28800
拉巴拉巴;RBP;Pacific/Port_Moresby;36000
布科巴;BKZ;Africa/Dar_es_Salaam;10800
博尔冷格;BLE;Europe/Stockholm;3600
赫尔辛基;HEL;Europe/Helsinki;7200
魁那伐克;CVJ;America/Mexico_City;-21600
斯加那加;SXR;Asia/Kolkata;19800
桑德斯皮特;YZP;America/Edmonton;-25200
奥兰多;MCO;America/New_York;-18000
姆巴拉拉;MBQ;Africa/Kampala;10800
比什凯克;FRU;Asia/Bishkek;21600
蒙彼利埃;MPL;Europe/Paris;3600
加斯马塔;GMI;Pacific/Port_Moresby;36000
达沃;DVO;Asia/Manila;28800
伊尼扬巴内;INH;Africa/Maputo;7200
佛罗伦萨;FLR;Europe/Rome;3600
多巴哥岛;TAB;America/Port_of_Spain;-14400
帕克斯;PKE;Australia/Sydney;36000
莫尔兹比港;POM;Pacific/Port_Moresby;36000
下诺夫哥罗德;GOJ;Europe/Moscow;10800
卢克索;LXR;Africa/Cairo;7200
朗敦;RON;America/Bogota;-18000
怡保;IPH;Asia/Kuala_Lumpur;28800
热基耶;JEQ;America/Bahia;-10800
巴拉诺夫;BNF;America/Sitka;-32400
济州岛;CJU;Asia/Shanghai;28800
巴淡岛;BTH;Asia/Jakarta;25200
沃里克;WAZ;Australia/Brisbane;36000
良乌;NYU;Asia/Rangoon;23400
哈尔科夫;HRK;Europe/Kiev;7200
雅克比纳;JCM;America/Cuiaba;-14400
瑟克特夫卡尔;SCW;Europe/Moscow;10800
科斯特罗马;KMW;Europe/Moscow;10800
马拉加;AGP;Europe/Madrid;3600
穆瑟尼;YMO;America/Regina;-21600
布哈拉;BHK;Asia/Samarkand;18000
科尔多瓦;ODB;Europe/Madrid;3600
栋多;DUE;Africa/Luanda;3600
富山;TOY;Asia/Tokyo;32400
维萨卡帕特南;VTZ;Asia/Kolkata;19800
伊基克;IQQ;America/Santiago;-14400
东京羽田;HND;Asia/Tokyo;32400
帕特雷;GPA;Europe/Athens;7200
努瓦迪布;NDB;Africa/Nouakchott;0
伯恩茅斯;BOH;Europe/London;0
彼尔姆;PEE;Asia/Yekaterinburg;18000
哈瓦那;HAV;America/Havana;-18000
米德维尔;MEJ;America/New_York;-18000
印第安纳波利斯;IND;America/Indiana/Indianapolis;-18000
查塔努加;CHA;America/New_York;-18000
卡萨内;BBK;Africa/Gaborone;7200
圣诞岛;XCH;Indian/Christmas;25200
伊利齐;VVZ;Africa/Algiers;3600
哈克;JQE;America/Panama;-18000
贝尼;BNC;Africa/Brazzaville;3600
拉巴斯;LPB;America/La_Paz;-14400
俄克拉荷马城;OKC;America/Chicago;-21600
金边;PNH;Asia/Phnom_Penh;25200
特木科;ZCO;America/Santiago;-14400
塔比拉兰;TAG;Asia/Manila;28800
查塔姆群岛;XCM;America/Montreal;-18000
克利马内;UEL;Africa/Maputo;7200
布加斯;BOJ;Europe/Sofia;7200
亚罗士打;AOR;Asia/Kuala_Lumpur;28800
拉瓦格;LAO;Asia/Manila;28800
圣丹尼斯;RUN;Indian/Reunion;14400
苏梅岛;USM;Asia/Bangkok;25200
内乌肯;NQN;America/Argentina/Salta;-10800
安特卫普;ANR;Europe/Brussels;3600
凯恩斯;CNS;Australia/Brisbane;36000
孟买;BOM;Asia/Kolkata;19800
苏尔凯德;SKH;Asia/Kathmandu;20700
兰卡威;LGK;Asia/Kuala_Lumpur;28800
韦吉;EJH;Asia/Riyadh;10800
松本;MMJ;Asia/Tokyo;32400
厄特;GHT;Africa/Tripoli;7200
内格里尔;NEG;America/Jamaica;-18000
斯科普里;SKP;Europe/Skopje;3600
大布里士;TBZ;Asia/Tehran;12600
阿克苏姆;AXU;Africa/Addis_Ababa;10800
托泽尔;TOE;Africa/Tunis;3600
伊洛林;ILR;Africa/Lagos;3600
坎贝尔镇;CAL;Europe/London;0
拉格兰德;YGL;America/Regina;-21600
图尔;TUF;Europe/Paris;3600
瓦尔帕莱索;VAP;America/Santiago;-14400
马歇尔;MLL;America/Chicago;-21600
毛里求斯;MRU;Indian/Mauritius;14400
基尔库克;KIK;Asia/Baghdad;10800
麦德林;MDE;America/Bogota;-18000
桑坦德;SDR;Europe/Madrid;3600
埃尔帕索;ELP;America/Denver;-25200
艾沙尔顿;AHL;America/Guyana;-14400
塔林;TLL;Europe/Tallinn;7200
明尼阿波利斯;MSP;America/Chicago;-21600
拉罗马纳;LRM;America/Santo_Domingo;-14400
里米尼;RMI;Europe/Rome;3600
弗朗西斯敦;FRW;Africa/Gaborone;7200
巴塞尔;BSL;Europe/Zurich;3600
墨尔本;AVV;Australia/Melbourne;36000
哥伦比亚;CAE;America/Chicago;-21600
本地治里;PNY;Asia/Kolkata;19800
加鲁阿;GOU;Africa/Douala;3600
马拉卡尔;MAK;Africa/Juba;10800
蒙特普埃兹;MTU;Africa/Maputo;7200
瑟佛罗里达基斯;YSP;America/Toronto;-18000
辛辛那提;CVG;America/New_York;-18000
威尔明顿;ILN;America/New_York;-18000
格林艾兰;GNI;Asia/Chongqing;28800
芒古;MNR;Africa/Lusaka;7200
南佛罗里达州;FLL;America/New_York;-18000
科托努;COO;Africa/Porto-Novo;3600
菲尼克斯;DVT;America/Phoenix;-25200
维多利亚城;CVM;America/Monterrey;-21600
诺福克;OFK;America/New_York;-18000
斯普利特;SPU;Europe/Zagreb;3600
杜阿拉;DLA;Africa/Douala;3600
巴厘巴板;BPN;Asia/Makassar;28800
科珀斯克里斯蒂;CRP;America/Chicago;-21600
毕尔巴鄂;BIO;Europe/Madrid;3600
斯法克斯;SFA;Pacific/Tongatapu;46800
贝拉;BEW;Africa/Maputo;7200
宿务;NOP;Asia/Manila;28800
德卢司;DLH;America/Chicago;-21600
巴吞鲁日;BTR;America/Chicago;-21600
勒德纳吉里;RTC;Asia/Kolkata;19800
诺尔雪平;NRK;Europe/Stockholm;3600
温顿;WIN;Australia/Brisbane;36000
瓜亚基尔;GYE;America/Guayaquil;-18000
斯图加特;STR;Europe/Berlin;3600
锡达拉皮兹;CID;America/Chicago;-21600
赫鲁特方舟;GFY;Africa/Windhoek;3600
圣乔治;SGO;America/Denver;-25200
纳克内克;NNK;America/Anchorage;-32400
Shimkent;CIT;Asia/Almaty;21600
乔治敦(欧文.罗伯茨国际机场);GCM;America/Cayman;-18000
阿索萨;ASO;Africa/Addis_Ababa;10800
多哈;DOH;Asia/Qatar;10800
利马;LIM;America/Lima;-18000
诺克斯维尔;TYS;America/New_York;-18000
克拉斯诺达尔;KRR;Europe/Moscow;10800
亚特兰大;ATL;America/New_York;-18000
皮特尔角城;PTP;America/Guadeloupe;-14400
圣克拉拉;SNU;America/Havana;-18000
坎普尔加纳;CPB;America/Bogota;-18000
纽波特;NWH;America/New_York;-18000
胡志明市;SGN;Asia/Ho_Chi_Minh;25200
ULAN-UDE;UUD;Asia/Irkutsk;28800
达累斯萨拉姆;DAR;Africa/Dar_es_Salaam;10800
温德姆;WYN;Australia/Perth;28800
格林维尔;PGV;America/New_York;-18000
布宜诺斯艾利斯;BUE;America/Argentina/Buenos_Aires;-10800
新普利茅斯;NPL;Pacific/Auckland;43200
哈尔姆斯塔德;HAD;Europe/Stockholm;3600
艾恩德霍芬;EIN;Europe/Amsterdam;3600
拉斯维加斯;LAS;America/Los_Angeles;-28800
卡普斯卡辛;YYU;America/Toronto;-18000
内皮尔;NPE;Pacific/Auckland;43200
马布尔巴;MBB;Australia/Darwin;34200
维尔纽斯;VNO;Europe/Vilnius;7200
吉里;JIR;Asia/Kathmandu;20700
马克马里堡;YMM;America/Edmonton;-25200
喀土穆;KRT;Africa/Khartoum;10800
约罗;ORO;America/Tegucigalpa;-21600
开罗;CAI;Africa/Cairo;7200
大本德;GBD;America/Chicago;-21600
埃斯特角城;PDP;America/Montevideo;-10800
明斯克;MSQ;Europe/Minsk;10800
狄龙;DLL;America/New_York;-18000
阿姆斯特丹;AMS;Europe/Amsterdam;3600
恩多拉;NLA;Africa/Lusaka;7200
黑角;PNR;Africa/Brazzaville;3600
奥尔良;ORE;Europe/Paris;3600
荷兰港;DUT;America/Nome;-32400
